id,yes_count,total_runs
docvqa-train_1037,4,4
docvqa-train_104,3,4
docvqa-train_1045,4,4
docvqa-train_1113,4,4
docvqa-train_1256,3,4
docvqa-train_1299,4,4
docvqa-train_133,2,4
docvqa-train_1390,3,4
docvqa-train_1413,4,4
docvqa-train_1544,3,4
docvqa-train_1639,3,4
docvqa-train_170,3,4
docvqa-train_1865,2,4
docvqa-train_1880,4,4
docvqa-train_1925,4,4
docvqa-train_1935,4,4
docvqa-train_2115,3,4
docvqa-train_2166,3,4
docvqa-train_2216,2,4
docvqa-train_2302,4,4
docvqa-train_2338,4,4
docvqa-train_2379,3,4
docvqa-train_2447,3,4
docvqa-train_2484,4,4
docvqa-train_2512,4,4
docvqa-train_2517,4,4
docvqa-train_2546,4,4
docvqa-train_2556,4,4
docvqa-train_2672,4,4
docvqa-train_277,3,4
docvqa-train_2788,4,4
docvqa-train_2869,4,4
docvqa-train_2940,3,4
docvqa-train_3118,2,4
docvqa-train_3323,4,4
docvqa-train_3389,3,4
docvqa-train_3605,4,4
docvqa-train_3664,3,4
docvqa-train_37,3,4
docvqa-train_3729,4,4
docvqa-train_373,4,4
docvqa-train_3956,4,4
docvqa-train_4040,4,4
docvqa-train_4108,3,4
docvqa-train_4115,2,4
docvqa-train_4178,4,4
docvqa-train_4261,2,4
docvqa-train_447,4,4
docvqa-train_4484,3,4
docvqa-train_4605,4,4
docvqa-train_4658,3,4
docvqa-train_4726,4,4
docvqa-train_4822,3,4
docvqa-train_4902,4,4
docvqa-train_5011,3,4
docvqa-train_5205,2,4
docvqa-train_5244,2,4
docvqa-train_5412,4,4
docvqa-train_542,2,4
docvqa-train_5523,3,4
docvqa-train_5531,2,4
docvqa-train_5554,4,4
docvqa-train_5641,4,4
docvqa-train_5698,4,4
docvqa-train_5789,2,4
docvqa-train_5826,4,4
docvqa-train_5846,4,4
docvqa-train_5895,2,4
docvqa-train_5975,2,4
docvqa-train_610,4,4
docvqa-train_622,4,4
docvqa-train_6255,4,4
docvqa-train_6331,2,4
docvqa-train_6379,2,4
docvqa-train_680,3,4
docvqa-train_912,4,4
infovqa-train_0,4,4
infovqa-train_1005,4,4
infovqa-train_1011,2,4
infovqa-train_1014,2,4
infovqa-train_1020,4,4
infovqa-train_1040,3,4
infovqa-train_1071,2,4
infovqa-train_1081,3,4
infovqa-train_1135,2,4
infovqa-train_116,4,4
infovqa-train_1162,2,4
infovqa-train_1177,4,4
infovqa-train_1227,2,4
infovqa-train_1272,4,4
infovqa-train_1280,4,4
infovqa-train_1308,3,4
infovqa-train_1313,2,4
infovqa-train_1324,4,4
infovqa-train_1358,3,4
infovqa-train_1366,3,4
infovqa-train_1397,3,4
infovqa-train_1423,4,4
infovqa-train_1437,4,4
infovqa-train_1471,2,4
infovqa-train_1508,4,4
infovqa-train_1515,4,4
infovqa-train_1516,3,4
infovqa-train_1546,3,4
infovqa-train_1566,2,4
infovqa-train_16,2,4
infovqa-train_174,4,4
infovqa-train_1744,4,4
infovqa-train_1747,4,4
infovqa-train_1751,2,4
infovqa-train_1822,2,4
infovqa-train_183,2,4
infovqa-train_1839,2,4
infovqa-train_1847,4,4
infovqa-train_1858,4,4
infovqa-train_1897,4,4
infovqa-train_1950,3,4
infovqa-train_1959,4,4
infovqa-train_202,4,4
infovqa-train_2046,3,4
infovqa-train_2061,2,4
infovqa-train_2072,3,4
infovqa-train_2083,4,4
infovqa-train_2089,4,4
infovqa-train_212,4,4
infovqa-train_2128,4,4
infovqa-train_2152,2,4
infovqa-train_2203,3,4
infovqa-train_2211,2,4
infovqa-train_2213,3,4
infovqa-train_2220,4,4
infovqa-train_2221,4,4
infovqa-train_226,2,4
infovqa-train_2300,4,4
infovqa-train_2323,4,4
infovqa-train_2333,4,4
infovqa-train_2357,4,4
infovqa-train_2367,4,4
infovqa-train_238,3,4
infovqa-train_2408,4,4
infovqa-train_2416,4,4
infovqa-train_2436,2,4
infovqa-train_2439,3,4
infovqa-train_244,2,4
infovqa-train_2444,3,4
infovqa-train_2459,2,4
infovqa-train_2494,3,4
infovqa-train_2499,4,4
infovqa-train_2503,4,4
infovqa-train_2506,4,4
infovqa-train_2507,4,4
infovqa-train_2514,3,4
infovqa-train_2528,2,4
infovqa-train_2542,3,4
infovqa-train_2607,2,4
infovqa-train_2616,4,4
infovqa-train_2699,2,4
infovqa-train_278,4,4
infovqa-train_280,3,4
infovqa-train_2871,3,4
infovqa-train_2876,4,4
infovqa-train_2905,3,4
infovqa-train_2944,4,4
infovqa-train_2952,4,4
infovqa-train_2966,4,4
infovqa-train_3012,3,4
infovqa-train_3027,4,4
infovqa-train_3044,2,4
infovqa-train_3090,2,4
infovqa-train_3119,2,4
infovqa-train_3211,4,4
infovqa-train_3245,4,4
infovqa-train_3264,2,4
infovqa-train_3313,3,4
infovqa-train_3343,2,4
infovqa-train_3365,3,4
infovqa-train_34,3,4
infovqa-train_341,3,4
infovqa-train_3430,2,4
infovqa-train_3431,4,4
infovqa-train_3452,4,4
infovqa-train_3465,2,4
infovqa-train_347,4,4
infovqa-train_3478,3,4
infovqa-train_3489,2,4
infovqa-train_3505,4,4
infovqa-train_3565,4,4
infovqa-train_3589,4,4
infovqa-train_3611,3,4
infovqa-train_3652,4,4
infovqa-train_3673,4,4
infovqa-train_3680,4,4
infovqa-train_369,4,4
infovqa-train_3705,2,4
infovqa-train_3742,4,4
infovqa-train_3763,4,4
infovqa-train_3796,3,4
infovqa-train_384,4,4
infovqa-train_3863,4,4
infovqa-train_3879,4,4
infovqa-train_3892,4,4
infovqa-train_4000,4,4
infovqa-train_4003,4,4
infovqa-train_4008,3,4
infovqa-train_4060,2,4
infovqa-train_4069,3,4
infovqa-train_4088,4,4
infovqa-train_4096,3,4
infovqa-train_4098,2,4
infovqa-train_4107,4,4
infovqa-train_4110,3,4
infovqa-train_4128,2,4
infovqa-train_4153,4,4
infovqa-train_4221,4,4
infovqa-train_4223,3,4
infovqa-train_4279,4,4
infovqa-train_4284,4,4
infovqa-train_429,2,4
infovqa-train_4293,4,4
infovqa-train_4306,3,4
infovqa-train_4311,4,4
infovqa-train_4347,4,4
infovqa-train_4356,4,4
infovqa-train_4366,3,4
infovqa-train_437,4,4
infovqa-train_4407,2,4
infovqa-train_4432,4,4
infovqa-train_4467,3,4
infovqa-train_4482,3,4
infovqa-train_4485,2,4
infovqa-train_4494,2,4
infovqa-train_452,3,4
infovqa-train_4539,2,4
infovqa-train_4555,4,4
infovqa-train_4573,3,4
infovqa-train_4589,4,4
infovqa-train_4596,4,4
infovqa-train_4634,4,4
infovqa-train_4653,3,4
infovqa-train_4665,2,4
infovqa-train_4673,2,4
infovqa-train_4685,2,4
infovqa-train_474,3,4
infovqa-train_4819,3,4
infovqa-train_4850,4,4
infovqa-train_4872,2,4
infovqa-train_4912,3,4
infovqa-train_4914,3,4
infovqa-train_4916,3,4
infovqa-train_4953,2,4
infovqa-train_5049,4,4
infovqa-train_5053,4,4
infovqa-train_5061,3,4
infovqa-train_5091,2,4
infovqa-train_5095,3,4
infovqa-train_5124,4,4
infovqa-train_5141,4,4
infovqa-train_5144,4,4
infovqa-train_5147,4,4
infovqa-train_5151,3,4
infovqa-train_5158,3,4
infovqa-train_5207,2,4
infovqa-train_5208,2,4
infovqa-train_5214,4,4
infovqa-train_5218,4,4
infovqa-train_5221,2,4
infovqa-train_5232,4,4
infovqa-train_5257,4,4
infovqa-train_5268,3,4
infovqa-train_5301,4,4
infovqa-train_5345,4,4
infovqa-train_5382,4,4
infovqa-train_5391,3,4
infovqa-train_5417,3,4
infovqa-train_5425,4,4
infovqa-train_5437,2,4
infovqa-train_5450,3,4
infovqa-train_5459,4,4
infovqa-train_5460,4,4
infovqa-train_5538,4,4
infovqa-train_5553,2,4
infovqa-train_5617,4,4
infovqa-train_5627,3,4
infovqa-train_5658,4,4
infovqa-train_566,4,4
infovqa-train_5706,2,4
infovqa-train_5793,4,4
infovqa-train_580,4,4
infovqa-train_5833,2,4
infovqa-train_5844,2,4
infovqa-train_5846,3,4
infovqa-train_585,2,4
infovqa-train_5867,4,4
infovqa-train_5917,4,4
infovqa-train_5919,3,4
infovqa-train_5961,4,4
infovqa-train_6047,3,4
infovqa-train_6114,3,4
infovqa-train_6232,4,4
infovqa-train_6273,3,4
infovqa-train_6296,3,4
infovqa-train_6322,4,4
infovqa-train_6327,2,4
infovqa-train_6359,3,4
infovqa-train_6392,4,4
infovqa-train_6400,2,4
infovqa-train_6428,4,4
infovqa-train_6456,4,4
infovqa-train_6465,4,4
infovqa-train_6467,2,4
infovqa-train_6494,4,4
infovqa-train_6506,4,4
infovqa-train_6514,4,4
infovqa-train_6516,2,4
infovqa-train_654,4,4
infovqa-train_6598,4,4
infovqa-train_6607,4,4
infovqa-train_6634,4,4
infovqa-train_6636,4,4
infovqa-train_665,3,4
infovqa-train_6656,4,4
infovqa-train_6692,4,4
infovqa-train_670,3,4
infovqa-train_6760,4,4
infovqa-train_6763,4,4
infovqa-train_6764,3,4
infovqa-train_6794,4,4
infovqa-train_6799,4,4
infovqa-train_6815,4,4
infovqa-train_6842,2,4
infovqa-train_685,4,4
infovqa-train_6869,4,4
infovqa-train_6871,3,4
infovqa-train_6895,3,4
infovqa-train_6945,3,4
infovqa-train_6958,4,4
infovqa-train_6959,2,4
infovqa-train_697,2,4
infovqa-train_698,4,4
infovqa-train_6991,4,4
infovqa-train_703,2,4
infovqa-train_7030,4,4
infovqa-train_7058,3,4
infovqa-train_7074,4,4
infovqa-train_710,4,4
infovqa-train_7115,3,4
infovqa-train_7128,3,4
infovqa-train_7145,4,4
infovqa-train_7179,2,4
infovqa-train_7197,2,4
infovqa-train_7205,3,4
infovqa-train_7217,3,4
infovqa-train_7267,4,4
infovqa-train_7272,3,4
infovqa-train_7303,2,4
infovqa-train_7321,3,4
infovqa-train_7324,3,4
infovqa-train_7352,3,4
infovqa-train_7396,3,4
infovqa-train_7449,3,4
infovqa-train_7454,4,4
infovqa-train_7478,4,4
infovqa-train_7488,4,4
infovqa-train_7530,4,4
infovqa-train_7586,4,4
infovqa-train_7591,3,4
infovqa-train_7649,2,4
infovqa-train_769,4,4
infovqa-train_7725,4,4
infovqa-train_7752,4,4
infovqa-train_7775,3,4
infovqa-train_7813,3,4
infovqa-train_7831,3,4
infovqa-train_7855,3,4
infovqa-train_7903,2,4
infovqa-train_7951,3,4
infovqa-train_7955,4,4
infovqa-train_8066,2,4
infovqa-train_8078,4,4
infovqa-train_8092,3,4
infovqa-train_8096,4,4
infovqa-train_8140,3,4
infovqa-train_820,2,4
infovqa-train_8200,4,4
infovqa-train_8203,3,4
infovqa-train_8239,4,4
infovqa-train_8271,2,4
infovqa-train_8290,2,4
infovqa-train_8299,3,4
infovqa-train_8330,4,4
infovqa-train_8341,2,4
infovqa-train_8387,4,4
infovqa-train_8392,4,4
infovqa-train_8395,3,4
infovqa-train_8433,4,4
infovqa-train_8442,4,4
infovqa-train_8463,4,4
infovqa-train_847,3,4
infovqa-train_8539,2,4
infovqa-train_8550,4,4
infovqa-train_8551,2,4
infovqa-train_8568,3,4
infovqa-train_8590,2,4
infovqa-train_861,4,4
infovqa-train_8610,4,4
infovqa-train_8638,2,4
infovqa-train_869,4,4
infovqa-train_8697,4,4
infovqa-train_8714,3,4
infovqa-train_8741,4,4
infovqa-train_8759,2,4
infovqa-train_8789,4,4
infovqa-train_8798,4,4
infovqa-train_88,4,4
infovqa-train_8806,4,4
infovqa-train_8814,2,4
infovqa-train_8848,2,4
infovqa-train_8877,4,4
infovqa-train_8887,2,4
infovqa-train_8919,3,4
infovqa-train_8924,2,4
infovqa-train_8941,4,4
infovqa-train_8968,2,4
infovqa-train_9005,4,4
infovqa-train_9064,3,4
infovqa-train_9074,2,4
infovqa-train_9107,3,4
infovqa-train_9128,3,4
infovqa-train_9158,2,4
infovqa-train_9161,4,4
infovqa-train_9166,2,4
infovqa-train_9170,4,4
infovqa-train_9177,4,4
infovqa-train_9183,4,4
infovqa-train_9185,4,4
infovqa-train_9274,3,4
infovqa-train_9284,3,4
infovqa-train_9325,4,4
infovqa-train_9363,4,4
infovqa-train_9368,4,4
infovqa-train_9383,2,4
infovqa-train_9397,4,4
infovqa-train_9495,2,4
infovqa-train_9509,2,4
infovqa-train_9516,3,4
infovqa-train_953,2,4
infovqa-train_9570,4,4
infovqa-train_989,4,4
mhdocvqa-train_1015,2,4
mhdocvqa-train_1051,4,4
mhdocvqa-train_1174,3,4
mhdocvqa-train_1488,3,4
mhdocvqa-train_1505,4,4
mhdocvqa-train_1789,3,4
mhdocvqa-train_1939,4,4
mhdocvqa-train_1941,2,4
mhdocvqa-train_2462,4,4
mhdocvqa-train_2632,3,4
mhdocvqa-train_2667,2,4
mhdocvqa-train_2679,4,4
mhdocvqa-train_2715,2,4
mhdocvqa-train_2780,4,4
mhdocvqa-train_29,2,4
mhdocvqa-train_2954,4,4
mhdocvqa-train_3051,4,4
mhdocvqa-train_3293,4,4
mhdocvqa-train_3487,2,4
mhdocvqa-train_3622,2,4
mhdocvqa-train_365,4,4
mhdocvqa-train_3651,2,4
mhdocvqa-train_3760,2,4
mhdocvqa-train_3881,3,4
mhdocvqa-train_4045,4,4
mhdocvqa-train_4076,4,4
mhdocvqa-train_4475,3,4
mhdocvqa-train_4514,4,4
mhdocvqa-train_4585,2,4
mhdocvqa-train_4731,3,4
mhdocvqa-train_5186,2,4
mhdocvqa-train_5523,4,4
mhdocvqa-train_5640,4,4
mhdocvqa-train_5854,2,4
mhdocvqa-train_626,2,4
mhdocvqa-train_6340,3,4
mhdocvqa-train_731,3,4
mhdocvqa-train_6645,2,4
mhdocvqa-train_6774,4,4
mhdocvqa-train_7006,3,4
mhdocvqa-train_7327,2,4
mhdocvqa-train_7943,4,4
mhdocvqa-train_7958,4,4
mhdocvqa-train_8124,4,4
mhdocvqa-train_8161,4,4
mhdocvqa-train_8174,2,4
mhdocvqa-train_831,4,4
mhdocvqa-train_839,2,4
mhdocvqa-train_8430,4,4
mhdocvqa-train_8473,3,4
mhdocvqa-train_8934,3,4
mhdocvqa-train_9055,2,4
mhdocvqa-train_9094,4,4
mhdocvqa-train_9437,3,4
mpmqa-train_1062,2,4
mpmqa-train_112,3,4
mpmqa-train_1221,2,4
mpmqa-train_1240,4,4
mpmqa-train_1253,4,4
mpmqa-train_1261,3,4
mpmqa-train_135,2,4
mpmqa-train_1529,2,4
mpmqa-train_1580,3,4
mpmqa-train_1581,4,4
mpmqa-train_1616,2,4
mpmqa-train_1631,4,4
mpmqa-train_1720,2,4
mpmqa-train_1745,4,4
mpmqa-train_175,4,4
mpmqa-train_1785,4,4
mpmqa-train_1891,3,4
mpmqa-train_1893,4,4
mpmqa-train_1978,3,4
mpmqa-train_2004,3,4
mpmqa-train_2022,4,4
mpmqa-train_2046,2,4
mpmqa-train_2126,4,4
mpmqa-train_2210,4,4
mpmqa-train_2244,4,4
mpmqa-train_2250,4,4
mpmqa-train_2256,4,4
mpmqa-train_2258,4,4
mpmqa-train_2282,2,4
mpmqa-train_2324,4,4
mpmqa-train_2440,4,4
mpmqa-train_2449,3,4
mpmqa-train_2496,2,4
mpmqa-train_2519,3,4
mpmqa-train_2572,4,4
mpmqa-train_2591,4,4
mpmqa-train_2595,2,4
mpmqa-train_2659,2,4
mpmqa-train_2688,2,4
mpmqa-train_2694,3,4
mpmqa-train_2722,4,4
mpmqa-train_2723,3,4
mpmqa-train_2733,3,4
mpmqa-train_2741,2,4
mpmqa-train_2946,4,4
mpmqa-train_386,4,4
mpmqa-train_41,2,4
mpmqa-train_421,4,4
mpmqa-train_449,4,4
mpmqa-train_486,2,4
mpmqa-train_496,2,4
mpmqa-train_516,2,4
mpmqa-train_523,2,4
mpmqa-train_613,4,4
mpmqa-train_733,2,4
mpmqa-train_748,2,4
mpmqa-train_819,3,4
mpmqa-train_843,2,4
mpmqa-train_854,4,4
mpmqa-train_923,4,4
mpmqa-train_941,2,4
mpmqa-train_944,4,4
openwikitable-train_1161,2,4
openwikitable-train_1509,2,4
openwikitable-train_1677,2,4
openwikitable-train_1803,3,4
openwikitable-train_1971,2,4
openwikitable-train_2296,2,4
openwikitable-train_2492,4,4
openwikitable-train_2776,2,4
openwikitable-train_339,4,4
openwikitable-train_3710,2,4
openwikitable-train_3856,3,4
openwikitable-train_441,2,4
openwikitable-train_526,2,4
openwikitable-train_669,2,4
visualmrc-train_100,2,4
visualmrc-train_1005,4,4
visualmrc-train_1009,4,4
visualmrc-train_1023,4,4
visualmrc-train_1040,3,4
visualmrc-train_1041,4,4
visualmrc-train_1046,3,4
visualmrc-train_1054,4,4
visualmrc-train_1064,3,4
visualmrc-train_1065,3,4
visualmrc-train_1091,2,4
visualmrc-train_1094,4,4
visualmrc-train_11,2,4
visualmrc-train_1107,4,4
visualmrc-train_1138,4,4
visualmrc-train_1146,4,4
visualmrc-train_1150,4,4
visualmrc-train_1151,4,4
visualmrc-train_1159,2,4
visualmrc-train_1170,4,4
visualmrc-train_1201,4,4
visualmrc-train_1213,3,4
visualmrc-train_1220,4,4
visualmrc-train_124,4,4
visualmrc-train_1243,4,4
visualmrc-train_1246,4,4
visualmrc-train_1258,3,4
visualmrc-train_1270,4,4
visualmrc-train_1281,3,4
visualmrc-train_1285,4,4
visualmrc-train_1294,4,4
visualmrc-train_1303,2,4
visualmrc-train_1304,3,4
visualmrc-train_1309,4,4
visualmrc-train_1310,4,4
visualmrc-train_1311,3,4
visualmrc-train_1312,4,4
visualmrc-train_1328,4,4
visualmrc-train_1330,4,4
visualmrc-train_1338,4,4
visualmrc-train_1348,4,4
visualmrc-train_1356,4,4
visualmrc-train_1363,2,4
visualmrc-train_1404,4,4
visualmrc-train_141,4,4
visualmrc-train_1423,4,4
visualmrc-train_143,4,4
visualmrc-train_1441,4,4
visualmrc-train_1450,2,4
visualmrc-train_1454,4,4
visualmrc-train_1473,4,4
visualmrc-train_1480,4,4
visualmrc-train_1481,4,4
visualmrc-train_1508,4,4
visualmrc-train_1521,3,4
visualmrc-train_1529,4,4
visualmrc-train_1539,4,4
visualmrc-train_1550,4,4
visualmrc-train_1555,4,4
visualmrc-train_1560,4,4
visualmrc-train_1576,4,4
visualmrc-train_1578,4,4
visualmrc-train_1603,4,4
visualmrc-train_1616,3,4
visualmrc-train_1620,3,4
visualmrc-train_1624,3,4
visualmrc-train_1639,2,4
visualmrc-train_1673,4,4
visualmrc-train_1676,4,4
visualmrc-train_1685,3,4
visualmrc-train_1702,4,4
visualmrc-train_1721,4,4
visualmrc-train_1734,4,4
visualmrc-train_1740,4,4
visualmrc-train_1769,4,4
visualmrc-train_1784,3,4
visualmrc-train_179,2,4
visualmrc-train_1819,4,4
visualmrc-train_1820,4,4
visualmrc-train_1830,2,4
visualmrc-train_1841,4,4
visualmrc-train_1846,2,4
visualmrc-train_186,2,4
visualmrc-train_1865,4,4
visualmrc-train_1871,4,4
visualmrc-train_1889,4,4
visualmrc-train_190,4,4
visualmrc-train_1917,4,4
visualmrc-train_1923,3,4
visualmrc-train_1940,3,4
visualmrc-train_1945,2,4
visualmrc-train_1948,2,4
visualmrc-train_1969,4,4
visualmrc-train_1989,2,4
visualmrc-train_1990,4,4
visualmrc-train_1999,2,4
visualmrc-train_2044,3,4
visualmrc-train_2050,2,4
visualmrc-train_2052,4,4
visualmrc-train_2054,2,4
visualmrc-train_2067,4,4
visualmrc-train_2074,3,4
visualmrc-train_2076,4,4
visualmrc-train_21,4,4
visualmrc-train_2113,4,4
visualmrc-train_2143,3,4
visualmrc-train_2155,4,4
visualmrc-train_2167,3,4
visualmrc-train_217,4,4
visualmrc-train_2188,2,4
visualmrc-train_2192,2,4
visualmrc-train_2198,3,4
visualmrc-train_2202,4,4
visualmrc-train_221,3,4
visualmrc-train_2218,4,4
visualmrc-train_2222,3,4
visualmrc-train_2224,4,4
visualmrc-train_2235,2,4
visualmrc-train_2237,4,4
visualmrc-train_2238,2,4
visualmrc-train_225,4,4
visualmrc-train_2255,4,4
visualmrc-train_2259,2,4
visualmrc-train_2269,3,4
visualmrc-train_227,4,4
visualmrc-train_2278,2,4
visualmrc-train_2287,4,4
visualmrc-train_2288,4,4
visualmrc-train_2289,4,4
visualmrc-train_2290,4,4
visualmrc-train_2296,4,4
visualmrc-train_2301,4,4
visualmrc-train_2303,4,4
visualmrc-train_2319,4,4
visualmrc-train_2332,4,4
visualmrc-train_2333,4,4
visualmrc-train_2345,3,4
visualmrc-train_2347,2,4
visualmrc-train_237,4,4
visualmrc-train_2387,4,4
visualmrc-train_2393,4,4
visualmrc-train_240,3,4
visualmrc-train_2402,4,4
visualmrc-train_2414,4,4
visualmrc-train_2422,4,4
visualmrc-train_2439,3,4
visualmrc-train_2447,4,4
visualmrc-train_245,4,4
visualmrc-train_2455,2,4
visualmrc-train_246,4,4
visualmrc-train_2461,4,4
visualmrc-train_2464,2,4
visualmrc-train_2481,4,4
visualmrc-train_2492,3,4
visualmrc-train_2494,4,4
visualmrc-train_2520,4,4
visualmrc-train_2523,4,4
visualmrc-train_2528,3,4
visualmrc-train_2530,2,4
visualmrc-train_2540,3,4
visualmrc-train_2548,4,4
visualmrc-train_2549,3,4
visualmrc-train_2557,2,4
visualmrc-train_2573,4,4
visualmrc-train_2582,2,4
visualmrc-train_259,3,4
visualmrc-train_2597,4,4
visualmrc-train_2623,4,4
visualmrc-train_264,2,4
visualmrc-train_2643,2,4
visualmrc-train_2644,4,4
visualmrc-train_2650,3,4
visualmrc-train_2655,2,4
visualmrc-train_2664,2,4
visualmrc-train_2680,4,4
visualmrc-train_2683,4,4
visualmrc-train_2690,4,4
visualmrc-train_2713,4,4
visualmrc-train_2714,4,4
visualmrc-train_2719,4,4
visualmrc-train_2720,4,4
visualmrc-train_2725,3,4
visualmrc-train_2734,2,4
visualmrc-train_2735,4,4
visualmrc-train_2747,2,4
visualmrc-train_2756,2,4
visualmrc-train_2772,2,4
visualmrc-train_2846,4,4
visualmrc-train_2858,4,4
visualmrc-train_2868,4,4
visualmrc-train_2873,4,4
visualmrc-train_2877,4,4
visualmrc-train_2899,2,4
visualmrc-train_291,3,4
visualmrc-train_2912,2,4
visualmrc-train_2913,4,4
visualmrc-train_2929,4,4
visualmrc-train_2935,4,4
visualmrc-train_2958,2,4
visualmrc-train_2964,4,4
visualmrc-train_2970,4,4
visualmrc-train_2971,3,4
visualmrc-train_2976,4,4
visualmrc-train_2979,3,4
visualmrc-train_2984,4,4
visualmrc-train_2985,2,4
visualmrc-train_2988,4,4
visualmrc-train_3000,4,4
visualmrc-train_3001,3,4
visualmrc-train_3016,2,4
visualmrc-train_302,4,4
visualmrc-train_3037,4,4
visualmrc-train_3041,4,4
visualmrc-train_3042,4,4
visualmrc-train_305,3,4
visualmrc-train_3058,2,4
visualmrc-train_3063,3,4
visualmrc-train_3094,4,4
visualmrc-train_3109,3,4
visualmrc-train_312,3,4
visualmrc-train_3125,4,4
visualmrc-train_3127,2,4
visualmrc-train_3128,3,4
visualmrc-train_313,2,4
visualmrc-train_3130,4,4
visualmrc-train_3131,2,4
visualmrc-train_3135,3,4
visualmrc-train_3140,3,4
visualmrc-train_3147,3,4
visualmrc-train_3149,4,4
visualmrc-train_315,4,4
visualmrc-train_3163,3,4
visualmrc-train_3165,4,4
visualmrc-train_3173,4,4
visualmrc-train_3181,2,4
visualmrc-train_3193,3,4
visualmrc-train_3195,4,4
visualmrc-train_3197,4,4
visualmrc-train_3206,3,4
visualmrc-train_3233,4,4
visualmrc-train_3243,4,4
visualmrc-train_3263,4,4
visualmrc-train_3297,3,4
visualmrc-train_3309,2,4
visualmrc-train_331,4,4
visualmrc-train_3311,4,4
visualmrc-train_3323,2,4
visualmrc-train_3326,4,4
visualmrc-train_3334,4,4
visualmrc-train_3337,3,4
visualmrc-train_3359,4,4
visualmrc-train_3372,4,4
visualmrc-train_3374,4,4
visualmrc-train_3395,4,4
visualmrc-train_3410,4,4
visualmrc-train_3429,2,4
visualmrc-train_3437,2,4
visualmrc-train_3446,3,4
visualmrc-train_3456,3,4
visualmrc-train_3463,4,4
visualmrc-train_3468,4,4
visualmrc-train_3469,4,4
visualmrc-train_3473,4,4
visualmrc-train_3479,4,4
visualmrc-train_3480,4,4
visualmrc-train_3488,2,4
visualmrc-train_3508,4,4
visualmrc-train_3510,4,4
visualmrc-train_3514,2,4
visualmrc-train_3529,2,4
visualmrc-train_3596,4,4
visualmrc-train_3607,2,4
visualmrc-train_3635,2,4
visualmrc-train_3654,4,4
visualmrc-train_3655,2,4
visualmrc-train_367,3,4
visualmrc-train_3671,3,4
visualmrc-train_3672,4,4
visualmrc-train_3692,4,4
visualmrc-train_3696,4,4
visualmrc-train_3708,3,4
visualmrc-train_3717,4,4
visualmrc-train_3728,2,4
visualmrc-train_3729,3,4
visualmrc-train_3731,4,4
visualmrc-train_3743,3,4
visualmrc-train_3755,4,4
visualmrc-train_3757,2,4
visualmrc-train_376,4,4
visualmrc-train_3761,4,4
visualmrc-train_3765,2,4
visualmrc-train_3767,4,4
visualmrc-train_3768,4,4
visualmrc-train_3775,3,4
visualmrc-train_3778,3,4
visualmrc-train_3789,3,4
visualmrc-train_3797,2,4
visualmrc-train_3816,4,4
visualmrc-train_3818,4,4
visualmrc-train_3821,4,4
visualmrc-train_3825,4,4
visualmrc-train_3828,4,4
visualmrc-train_384,4,4
visualmrc-train_3842,4,4
visualmrc-train_3849,2,4
visualmrc-train_3855,3,4
visualmrc-train_3859,4,4
visualmrc-train_3862,2,4
visualmrc-train_3868,3,4
visualmrc-train_3874,3,4
visualmrc-train_3878,4,4
visualmrc-train_3879,2,4
visualmrc-train_3901,4,4
visualmrc-train_3918,2,4
visualmrc-train_3920,2,4
visualmrc-train_3921,4,4
visualmrc-train_3932,3,4
visualmrc-train_3939,2,4
visualmrc-train_3946,3,4
visualmrc-train_3950,2,4
visualmrc-train_3961,4,4
visualmrc-train_3970,4,4
visualmrc-train_3984,3,4
visualmrc-train_3988,4,4
visualmrc-train_3992,4,4
visualmrc-train_4002,3,4
visualmrc-train_4010,4,4
visualmrc-train_4013,3,4
visualmrc-train_4016,4,4
visualmrc-train_4024,3,4
visualmrc-train_4030,2,4
visualmrc-train_4032,2,4
visualmrc-train_4047,3,4
visualmrc-train_4051,2,4
visualmrc-train_4061,3,4
visualmrc-train_4074,4,4
visualmrc-train_4083,4,4
visualmrc-train_4101,4,4
visualmrc-train_4106,4,4
visualmrc-train_4120,4,4
visualmrc-train_4130,4,4
visualmrc-train_4131,4,4
visualmrc-train_4134,4,4
visualmrc-train_4148,4,4
visualmrc-train_4173,4,4
visualmrc-train_4177,3,4
visualmrc-train_4185,2,4
visualmrc-train_4200,4,4
visualmrc-train_4210,4,4
visualmrc-train_4211,4,4
visualmrc-train_4231,4,4
visualmrc-train_425,2,4
visualmrc-train_4255,3,4
visualmrc-train_4261,4,4
visualmrc-train_4270,3,4
visualmrc-train_4276,4,4
visualmrc-train_4297,4,4
visualmrc-train_430,2,4
visualmrc-train_4302,3,4
visualmrc-train_4336,4,4
visualmrc-train_4338,4,4
visualmrc-train_434,4,4
visualmrc-train_4342,3,4
visualmrc-train_4365,4,4
visualmrc-train_4374,4,4
visualmrc-train_4376,4,4
visualmrc-train_4378,3,4
visualmrc-train_4381,4,4
visualmrc-train_442,3,4
visualmrc-train_4424,4,4
visualmrc-train_4426,4,4
visualmrc-train_443,4,4
visualmrc-train_4438,4,4
visualmrc-train_4444,4,4
visualmrc-train_4455,4,4
visualmrc-train_4461,4,4
visualmrc-train_4469,4,4
visualmrc-train_4488,3,4
visualmrc-train_4502,4,4
visualmrc-train_4514,4,4
visualmrc-train_4527,2,4
visualmrc-train_4531,4,4
visualmrc-train_4539,3,4
visualmrc-train_4559,2,4
visualmrc-train_4585,4,4
visualmrc-train_4592,4,4
visualmrc-train_4594,4,4
visualmrc-train_46,4,4
visualmrc-train_4602,4,4
visualmrc-train_4608,4,4
visualmrc-train_461,4,4
visualmrc-train_4622,4,4
visualmrc-train_4633,3,4
visualmrc-train_4639,4,4
visualmrc-train_4662,4,4
visualmrc-train_4677,2,4
visualmrc-train_468,4,4
visualmrc-train_4686,2,4
visualmrc-train_4689,4,4
visualmrc-train_4715,3,4
visualmrc-train_4728,4,4
visualmrc-train_4729,2,4
visualmrc-train_4733,2,4
visualmrc-train_4736,2,4
visualmrc-train_4742,4,4
visualmrc-train_4778,4,4
visualmrc-train_4788,4,4
visualmrc-train_4797,2,4
visualmrc-train_4803,4,4
visualmrc-train_483,4,4
visualmrc-train_4830,4,4
visualmrc-train_4832,4,4
visualmrc-train_4846,4,4
visualmrc-train_4847,3,4
visualmrc-train_4859,3,4
visualmrc-train_4862,4,4
visualmrc-train_4893,2,4
visualmrc-train_4898,4,4
visualmrc-train_4912,2,4
visualmrc-train_4917,4,4
visualmrc-train_4937,3,4
visualmrc-train_497,3,4
visualmrc-train_4988,4,4
visualmrc-train_499,2,4
visualmrc-train_4998,4,4
visualmrc-train_5003,2,4
visualmrc-train_5011,3,4
visualmrc-train_5022,2,4
visualmrc-train_5028,3,4
visualmrc-train_5029,3,4
visualmrc-train_5039,2,4
visualmrc-train_5051,2,4
visualmrc-train_5078,2,4
visualmrc-train_5083,3,4
visualmrc-train_5106,2,4
visualmrc-train_5108,4,4
visualmrc-train_5112,3,4
visualmrc-train_5114,4,4
visualmrc-train_5130,4,4
visualmrc-train_5135,3,4
visualmrc-train_5153,2,4
visualmrc-train_5160,3,4
visualmrc-train_5167,3,4
visualmrc-train_5197,4,4
visualmrc-train_5201,3,4
visualmrc-train_5219,4,4
visualmrc-train_5227,4,4
visualmrc-train_523,4,4
visualmrc-train_5242,3,4
visualmrc-train_5251,3,4
visualmrc-train_5281,4,4
visualmrc-train_5291,4,4
visualmrc-train_5309,2,4
visualmrc-train_5330,2,4
visualmrc-train_5356,4,4
visualmrc-train_5365,3,4
visualmrc-train_5382,2,4
visualmrc-train_5391,2,4
visualmrc-train_5396,4,4
visualmrc-train_5405,2,4
visualmrc-train_5408,2,4
visualmrc-train_5412,4,4
visualmrc-train_5422,4,4
visualmrc-train_5448,2,4
visualmrc-train_5457,4,4
visualmrc-train_546,4,4
visualmrc-train_5465,4,4
visualmrc-train_5472,4,4
visualmrc-train_5474,4,4
visualmrc-train_5476,3,4
visualmrc-train_5486,3,4
visualmrc-train_5500,4,4
visualmrc-train_5505,3,4
visualmrc-train_5506,4,4
visualmrc-train_5512,4,4
visualmrc-train_5514,4,4
visualmrc-train_5526,2,4
visualmrc-train_5536,3,4
visualmrc-train_5558,4,4
visualmrc-train_5560,3,4
visualmrc-train_5585,3,4
visualmrc-train_5607,4,4
visualmrc-train_5640,4,4
visualmrc-train_5646,4,4
visualmrc-train_565,4,4
visualmrc-train_5667,2,4
visualmrc-train_5681,3,4
visualmrc-train_5688,2,4
visualmrc-train_569,4,4
visualmrc-train_5694,4,4
visualmrc-train_5720,2,4
visualmrc-train_5742,4,4
visualmrc-train_5748,4,4
visualmrc-train_5768,3,4
visualmrc-train_5776,4,4
visualmrc-train_5777,4,4
visualmrc-train_5781,4,4
visualmrc-train_5783,4,4
visualmrc-train_5793,2,4
visualmrc-train_5795,4,4
visualmrc-train_5797,4,4
visualmrc-train_58,4,4
visualmrc-train_5805,2,4
visualmrc-train_581,4,4
visualmrc-train_5812,4,4
visualmrc-train_5838,4,4
visualmrc-train_585,4,4
visualmrc-train_5853,4,4
visualmrc-train_5859,4,4
visualmrc-train_5860,4,4
visualmrc-train_5870,4,4
visualmrc-train_5909,4,4
visualmrc-train_5910,4,4
visualmrc-train_5914,3,4
visualmrc-train_5917,3,4
visualmrc-train_5920,3,4
visualmrc-train_5947,3,4
visualmrc-train_5961,2,4
visualmrc-train_5982,4,4
visualmrc-train_6000,3,4
visualmrc-train_6003,4,4
visualmrc-train_6008,2,4
visualmrc-train_6023,4,4
visualmrc-train_6041,2,4
visualmrc-train_6042,3,4
visualmrc-train_6051,2,4
visualmrc-train_6062,3,4
visualmrc-train_6073,4,4
visualmrc-train_608,3,4
visualmrc-train_6087,2,4
visualmrc-train_6094,2,4
visualmrc-train_6096,2,4
visualmrc-train_612,2,4
visualmrc-train_6123,2,4
visualmrc-train_628,4,4
visualmrc-train_640,3,4
visualmrc-train_642,3,4
visualmrc-train_652,3,4
visualmrc-train_660,2,4
visualmrc-train_686,4,4
visualmrc-train_693,2,4
visualmrc-train_731,2,4
visualmrc-train_751,3,4
visualmrc-train_758,4,4
visualmrc-train_77,4,4
visualmrc-train_778,4,4
visualmrc-train_792,2,4
visualmrc-train_799,4,4
visualmrc-train_805,4,4
visualmrc-train_814,2,4
visualmrc-train_817,2,4
visualmrc-train_827,4,4
visualmrc-train_853,3,4
visualmrc-train_858,2,4
visualmrc-train_867,2,4
visualmrc-train_875,4,4
visualmrc-train_923,4,4
visualmrc-train_941,2,4
visualmrc-train_946,2,4
visualmrc-train_952,4,4
visualmrc-train_956,4,4
visualmrc-train_958,4,4
visualmrc-train_966,4,4
visualmrc-train_970,4,4
visualmrc-train_979,4,4
