path	size_bytes	sha256_prefix12
data/VDR_processed_filtered_2/filters/doc_independent_filter_stats.json	1112	eb9fc5bdd0a3
data/VDR_processed_filtered_2/filters/doc_independent_qwen235b_logs/OpenDocVQA_20260122_073506.jsonl	76140670	10e16a07fadb
data/VDR_processed_filtered_2/filters/doc_independent_qwen235b_logs/SlideVQA_test_20260122_073506.jsonl	4179413	61b8b6c726d8
data/VDR_processed_filtered_2/filters/doc_independent_qwen235b_logs/SlideVQA_train_20260122_073506.jsonl	20291996	31366cb0baab
data/VDR_processed_filtered_2/filters/doc_independent_qwen235b_logs/SlideVQA_val_20260122_073506.jsonl	3043020	eadd576d717b
data/VDR_processed_filtered_2/filters/doc_independent_qwen235b_logs/VDR_ibm_20260122_073506.jsonl	124155284	97bba3c86260
data/VDR_processed_filtered_2/filters/excluded_files_over_100mb.txt	16680	333f7aedd9fd
data/VDR_processed_filtered_2/filters/gti_validation/OpenDocVQA.jsonl	88439782	33b2d68c4df8
data/VDR_processed_filtered_2/filters/gti_validation/SlideVQA_train.jsonl	21798401	9382f1ba6f33
data/VDR_processed_filtered_2/filters/gti_validation/VDR_ibm.jsonl	136800374	19d6495cf7c6
data/VDR_processed_filtered_2/filters/query_rewrites/OpenDocVQA_20260125_135340.jsonl	22069208	17fedafd4a5a
data/VDR_processed_filtered_2/filters/query_rewrites/SlideVQA_test_20260125_135340.jsonl	1109513	3a456da6d81f
data/VDR_processed_filtered_2/filters/query_rewrites/SlideVQA_train_20260125_135340.jsonl	5795755	a03ca1480d2d
data/VDR_processed_filtered_2/filters/query_rewrites/SlideVQA_val_20260125_135340.jsonl	910092	fa0b98afb43d
data/VDR_processed_filtered_2/filters/query_rewrites/VDR_ibm_20260125_135340.jsonl	37879732	597a5f078f01
data/VDR_processed_filtered_2/filters/removed_ids/OpenDocVQA.csv	27206	9f9fae56bfef
data/VDR_processed_filtered_2/filters/removed_ids/SlideVQA_test.csv	4917	1d4ea93ca3be
data/VDR_processed_filtered_2/filters/removed_ids/SlideVQA_train.csv	12396	4769a17003ec
data/VDR_processed_filtered_2/filters/removed_ids/SlideVQA_val.csv	1492	140401a5bac7
data/VDR_processed_filtered_2/filters/removed_ids/VDR_ibm.csv	1350	1befd644a6cd
data/VDR_processed_filtered_2/filters/removed_ids/gti_missing_in_corpusindex_OpenDocVQA.csv	1565	8acc91f98f15
data/VDR_processed_filtered_2/filters/removed_ids/gti_missing_runs_OpenDocVQA.csv	53	322047d1cdf4
data/VDR_processed_filtered_2/filters/removed_ids/gti_missing_runs_SlideVQA_train.csv	864	b45442bef41e
data/VDR_processed_filtered_2/filters/removed_ids/gti_missing_runs_VDR_ibm.csv	661	6166dfc55285
